NDCG5,NDCG10,NDCG20,HR5,HR10,HR20,n
0.251035,0.25895,0.264786,0.280983,0.305556,0.327991,1
0.251035,0.25895,0.264786,0.280983,0.305556,0.327991,2
0.251035,0.25895,0.264786,0.280983,0.305556,0.327991,3
25.0,26.0,26.0,28.000000000000004,31.0,33.0,Mean
0.0,0.0,0.0,0.0,0.0,0.0,Std
