NDCG5,NDCG10,NDCG20,HR5,HR10,HR20,n
0.250281,0.26052,0.267378,0.285256,0.317308,0.345085,1
0.250281,0.26052,0.267378,0.285256,0.317308,0.345085,2
0.250281,0.26052,0.267378,0.285256,0.317308,0.345085,3
25.0,26.0,27.0,28.999999999999996,32.0,35.0,Mean
0.0,0.0,0.0,0.0,0.0,0.0,Std
