NDCG5,NDCG10,NDCG20,HR5,HR10,HR20,n
0.251549,0.261997,0.268199,0.278846,0.310897,0.33547,1
0.251549,0.261997,0.268199,0.278846,0.310897,0.33547,2
0.251549,0.261997,0.268199,0.278846,0.310897,0.33547,3
25.0,26.0,27.0,28.000000000000004,31.0,34.0,Mean
0.0,0.0,0.0,0.0,0.0,0.0,Std
