NDCG5,NDCG10,NDCG20,HR5,HR10,HR20,n
0.254477,0.264679,0.270881,0.287393,0.319444,0.344017,1
0.254477,0.264679,0.270881,0.287393,0.319444,0.344017,2
0.254477,0.264679,0.270881,0.287393,0.319444,0.344017,3
25.0,26.0,27.0,28.999999999999996,32.0,34.0,Mean
0.0,0.0,0.0,0.0,0.0,0.0,Std
