NDCG5,NDCG10,NDCG20,HR5,HR10,HR20,n
0.248636,0.258867,0.264828,0.284188,0.315171,0.338675,1
0.248636,0.258867,0.264828,0.284188,0.315171,0.338675,2
0.248636,0.258867,0.264828,0.284188,0.315171,0.338675,3
25.0,26.0,26.0,28.000000000000004,32.0,34.0,Mean
0.0,0.0,0.0,0.0,0.0,0.0,Std
