{
    "global_acc_1_spec": 15.838990554899645,
    "global_hit_k_spec": 36.083234946871315,
    "global_acc_1_lvl1": 49.118211334120424,
    "global_hit_k_lvl1": 99.7491145218418,
    "cluster_acc_1_spec": 20.51357733175915,
    "cluster_hit_k_spec": 40.0383707201889,
    "cluster_acc_1_lvl1": 55.62647579693034,
    "cluster_hit_k_lvl1": 99.46502361275088,
    "local_cat_hit_rate": 39.612188365650965,
    "local_poi_hit_rate_2_per_cat": 18.09787626962142
}