{
    "global_acc_1_spec": 15.838990554899645,
    "global_hit_k_spec": 27.774498229043683,
    "global_acc_1_lvl1": 49.118211334120424,
    "global_hit_k_lvl1": 84.75870720188901,
    "cluster_acc_1_spec": 19.587514757969306,
    "cluster_hit_k_spec": 31.965761511216055,
    "cluster_acc_1_lvl1": 55.29442148760331,
    "cluster_hit_k_lvl1": 88.37072018890201,
    "fsq_cat_hit_rate_at_3": 0,
    "fsq_poi_hit_rate_at_3": 0,
    "fsq_poi_hit_rate_at_9": 0
}